question,document
What has to be true for the security policies and procedures in Requirement 1 to be compliant?,44
How do you check whether Requirement 1 policies and procedures are being managed correctly?,44
What does PCI mean by the processes for installing and maintaining network security controls in Requirement 1.1?,44
"Does 1.1.1 require policies and procedures to be documented, current, used, and known by impacted staff?",44
What should the assessor look at or ask to verify 1.1.1?,44
"What has to be documented and assigned for Requirement 1 activities, and how do you show staff understand it?",45
How do you test 1.1.2 to confirm the roles and responsibilities are actually assigned and understood?,45
"For Requirement 1, what evidence should be examined to verify roles and responsibilities are in place?",45
What does 1.1.2 require about ownership of day-to-day tasks under Requirement 1?,45
"Who needs to be interviewed to satisfy the testing for 1.1.2, and what are you checking for?",45
What has to be true of NSC ruleset configuration standards under 1.2.1?,46
How do you verify the NSC ruleset standards meet the requirement and are actually followed?,46
What does requirement 1.2 say about network security controls overall?,46
Which configuration items are acceptable examples of NSCs under these standards?,46
What should an examiner review to confirm 1.2.1.a and 1.2.1.b?,46
What does PCI require for changes to network connections and NSC configurations under 1.2.2?,47
How do you test compliance with requirement 1.2.2 for network connection changes?,47
How do you verify that NSC configuration changes were handled correctly under 1.2.2?,47
What kinds of network changes count as changes to connections for 1.2.2?,47
What are NSC configuration changes considered to include under 1.2.2?,47
What has to be shown in the network diagram for PCI DSS 1.2.3?,48
Does requirement 1.2.3 cover wireless networks too?,48
How do you test compliance with 1.2.3.a?,48
How do you verify the diagram is kept current after environment changes?,48
Can something other than a network diagram satisfy 1.2.3?,48
What has to be shown in the data-flow diagram for account data?,49
How often must the data-flow diagram be updated?,49
What do auditors check to verify the diagram meets the requirement?,49
Which PCI DSS requirement covers maintaining an accurate data-flow diagram?,49
"Can something other than a data-flow diagram satisfy the requirement, and if so, what?",49
"What does 1.2.5 require for any allowed service, protocol, or port?",51
"How do you prove the allowed network services, protocols, and ports are approved and have a business reason?",51
What should the reviewer check in NSC settings for 1.2.5?,51
"Who should approve allowed services, protocols, and ports under this control?",51
What is the security goal behind 1.2.5?,51
"What security features have to be set up for insecure services, protocols, and ports that are in use?",52
How do you prove insecure network services are being handled properly during an assessment?,52
Which requirement covers mitigating risk from insecure protocols or ports currently in use?,52
What evidence is checked to confirm insecure services have defined protections?,52
What do reviewers look for in NSC settings to verify the required protections are actually enabled?,52
How often do network security control configurations need to be reviewed?,53
What does requirement 1.2.7 expect the review to confirm?,53
What evidence should an assessor look for to verify 1.2.7 is being followed?,53
"In 1.2.7, what has to happen to NSC settings that no longer have a business reason?",53
"How can the 1.2.7 review be performed, and how is that documented?",53
How do we need to protect configuration files for network security controls?,54
What has to be true about NSC configuration files and the live network setup?,54
How do you verify compliance with requirement 1.2.8?,54
What kinds of files or settings count as a configuration file for an NSC?,54
What is the objective behind requirement 1.2.8?,54
What has to be true for inbound traffic into the CDE under 1.3.1?,55
How do you check that NSC config standards meet the inbound-traffic rule in 1.3.1?,55
What do the actual NSC settings need to show for inbound traffic to the CDE?,55
Which requirement says network access to and from the CDE must be restricted?,55
What is the objective of 1.3.1 in the customized approach?,55
What does PCI DSS 1.3.2 require for outbound traffic from the CDE?,56
How do you prove NSC settings meet the outbound-traffic rule in 1.3.2?,56
Does 1.3.2 require all nonessential outbound traffic to be blocked?,56
What should configuration standards for NSCs define under 1.3.2?,56
What is the objective of restricting outbound traffic from the CDE?,56
What does PCI DSS 1.3.3 require between wireless networks and the CDE?,57
How should wireless traffic into the CDE be handled by default?,57
What kind of wireless traffic is allowed into the CDE under 1.3.3?,57
How do you verify compliance with Requirement 1.3.3?,57
What is the security objective of the wireless-network control in 1.3.3?,57
What controls are required at the boundary between trusted and untrusted networks under requirement 1.4?,58
What does 1.4.1 require to be in place between trusted and untrusted networks?,58
How do you test that network security controls are defined between trusted and untrusted networks?,58
How do you verify that the actual network setup matches the documented standards and diagrams for 1.4.1?,58
What is the objective of requirement 1.4.1 in the customized approach?,58
What inbound traffic from an untrusted network is allowed into a trusted network under 1.4.2?,59
Does 1.4.2 require blocking everything except public services and stateful replies?,59
How do you verify compliance with requirement 1.4.2 on network security controls?,59
Can UDP still be used if the firewall or other NSC tracks connection state for 1.4.2?,59
What is the exact rule in PCI DSS 1.4.2 for traffic entering trusted networks?,59
What anti-spoofing control is required for trusted-network traffic?,60
How do you test that forged source IPs are being blocked at network controls?,60
What does requirement 1.4.3 say about packets with spoofed source addresses?,60
What evidence should be reviewed to confirm anti-spoofing is configured on NSCs?,60
What is the security goal of anti-spoofing under 1.4.3?,60
What has to be true for systems that store card data and untrusted networks?,61
How do you check that card-data storage isn’t reachable from an untrusted network?,61
What evidence should show that databases or files with card data are only reachable from trusted networks?,61
"Does 1.4.4 apply to data held only in RAM, or only when memory is used like persistent storage?",61
"Under 1.4.4, what should NSC settings prevent for components storing cardholder data?",61
What has to be done with internal IP addresses and routing details so only approved parties can see them?,62
How do I verify 1.4.5 in a review of network controls?,62
What do I check in NSC settings for requirement 1.4.5?,62
What does the assessor need to ask staff and review to confirm 1.4.5 is in place?,62
What is the objective of 1.4.5 under the customized approach?,62
What controls have to be in place on devices that connect to both the Internet and the CDE?,63
"Can employees change those device protections, or does management need to approve exceptions?",63
How do you check that the controls for dual-connected devices are actually implemented?,63
"What does PCI say about company-owned and employee-owned laptops, tablets, and phones that reach the CDE?",63
"Under requirement 1.5.1, what specific configuration and running-status conditions must be met?",63
What does 2.1.1 require for the security policies and operational procedures in Requirement 2?,66
How do you verify compliance with 2.1.1 for Requirement 2 policies and procedures?,66
"Are policies and procedures under Requirement 2 supposed to be documented, current, used, and known to the right people?",66
What is the goal of Requirement 2.1.1 in terms of managing policies and procedures?,66
How often should security policies and procedures be updated when changes happen?,66
What does 2.1.2 require for roles and responsibilities tied to Requirement 2 activities?,67
How do you prove that Requirement 2 responsibilities are documented and assigned?,67
What should auditors ask staff to confirm under 2.1.2?,67
"Can roles and responsibilities for Requirement 2 be kept in a separate document, or must they be in policies and procedures?",67
What is the objective of 2.1.2 in the customized approach?,67
What has to be covered in the system configuration standards under requirement 2.2.1?,68
How do you verify that the configuration standards were updated when new vulnerabilities were found?,68
When do the secure configuration standards need to be applied for a new system joining production?,68
What does requirement 2.2 say about how system components must be managed?,68
What evidence is reviewed to confirm requirement 2.2.1 is in place?,68
What has to be done with vendor default accounts under 2.2.2?,69
"When is a default account allowed to stay in use, and what must happen to its password?",69
How do auditors verify compliance with requirement 2.2.2?,69
What systems and account types are covered by the default-account rule?,69
What does 2.2.2.c ask you to check about unused vendor default accounts?,69
What are the allowed ways to handle primary functions that need different security levels on the same system component?,70
"When multiple functions with different security needs run together, what has to be done to keep the higher-risk function from lowering the system’s security?",70
How do I verify compliance with requirement 2.2.3 for managing functions with different security levels?,70
What extra check applies under 2.2.3 when virtualization is in use?,70
"Is it acceptable for one system component to host more than one primary function, and if so, under what conditions?",70
"What does requirement 2.2.4 say about services, protocols, daemons, and functions that aren’t needed?",72
How do you check that only required functionality is enabled under 2.2.4?,72
What documentation has to exist for the services and functions kept on systems for 2.2.4.a?,72
What should the configuration review confirm in 2.2.4.b?,72
Why does PCI DSS want unnecessary functionality removed or disabled?,72
"When an insecure service, protocol, or daemon is still in use, what has to be documented and put in place?",73
How do you prove insecure services or protocols are being handled correctly under requirement 2.2.5?,73
What should auditors look at to check that the extra security controls for insecure daemons are actually configured?,73
"If an insecure network service exists, what kind of justification is required?",73
"What does requirement 2.2.5 require to reduce the risk from insecure services, protocols, and daemons?",73
What does PCI require for system security parameter settings to stop misuse?,74
How do you check that configuration standards cover the right security parameters?,74
What should admins or security managers know about common system parameter settings?,74
How do you verify actual system settings match the configuration standard for 2.2.6?,74
What is the objective of requirement 2.2.6 in the customized approach?,74
What does PCI DSS require for remote or other non-console admin access?,75
How do I prove non-console administrative access is protected with strong encryption?,75
What should I check in system settings to make sure insecure remote login services aren’t being used for admin access?,75
Does the strong-crypto requirement cover browser-based admin portals and APIs?,75
"For requirement 2.2.7, what evidence does an assessor need to review?",75
What has to be done with wireless vendor defaults when a wireless network connects to the CDE or carries card data?,76
Which specific wireless defaults are called out as needing to be changed or confirmed secure under 2.3.1?,76
How does the assessor check that wireless defaults were handled properly in 2.3.1?,76
Are SNMP defaults and access point passwords allowed to stay at factory settings on wireless devices?,76
What is the main security goal of requirement 2.3 for wireless environments?,76
When do wireless encryption keys have to be rotated for networks tied to the CDE or carrying card data?,77
What should happen to a wireless key if someone who knew it leaves or no longer needs it for their job?,77
How are suspected or confirmed compromised wireless encryption keys supposed to be handled?,77
What does PCI expect the assessor to check to confirm compliance with requirement 2.3.2?,77
"For requirement 2.3.2, what is the security goal for wireless key management?",77
What has to be true for the security policies and procedures in Requirement 3 to meet 3.1.1?,79
How do you test that the Requirement 3 policies and procedures are being managed properly?,79
"Are the Requirement 3 policies and operational procedures supposed to be documented, current, used, and known by the right people?",79
What does PCI mean by the processes and mechanisms for protecting stored account data being defined and understood in 3.1?,79
"For 3.1.1, what evidence would an assessor look at besides documents?",79
What does 3.1.2 require for the people handling Requirement 3 activities?,80
How do you prove roles and responsibilities for Requirement 3 are assigned and understood?,80
What should be checked in the documentation for 3.1.2?,80
What should staff interviews confirm under 3.1.2?,80
"For requirement 3.1.2, what is the objective of the customized approach?",80
What has to be covered in a data retention and disposal policy for stored account data?,81
How often do we need to check that data past its retention period was deleted or made unrecoverable?,81
What does requirement 3.2.1 say must be included in the retention and disposal process?,81
How is compliance with 3.2.1 verified during an assessment?,81
What storage limits apply to account data and pre-authorization SAD under requirement 3.2?,81
What does Requirement 3.3 say about storing sensitive authentication data after authorization?,83
"Under 3.3.1, does encrypting SAD make it okay to keep after authorization?",83
How do you verify that SAD is not retained once the authorization response comes back?,83
What evidence does 3.3.1.a ask for to confirm SAD isn’t stored after authorization?,83
Are issuers or issuer-support providers allowed to keep SAD if they have a documented business need?,83
What has to happen to full track data after authorization is finished?,84
"For requirement 3.3.1.1, what do you need to inspect to confirm track data isn’t being kept?",84
Which track data fields are still allowed to be retained for business use?,84
Can requirement 3.3.1.1 be handled under the customized approach?,84
What kinds of places should be checked for accidental storage of full magnetic-stripe or chip track data?,84
What has to happen to the card verification code after authorization is done?,85
How do you check whether the card verification code is being kept anywhere?,85
Which data sources should be reviewed to make sure the card verification code isn’t retained?,85
What is PCI requirement 3.3.1.2 asking for?,85
Is this requirement allowed under the customized approach?,85
What has to happen to PINs and PIN blocks after authorization is finished?,86
How does an assessor check that PIN data isn’t being kept after auth?,86
Which PCI DSS requirement says PIN and PIN blocks can’t be stored once authorization is complete?,86
Can an organization keep encrypted PIN blocks after the transaction is authorized?,86
What kinds of systems or records should be reviewed to confirm PINs and PIN blocks aren’t retained?,86
What does Req. 3.3.2 require for electronically stored SAD before authorization is finished?,87
How do you verify compliance with 3.3.2?,87
Does 3.3.2 allow a customized approach?,87
What kind of encryption is required for stored SAD prior to authorization completion?,87
What evidence should an assessor review to check 3.3.2?,87
What does requirement 3.3.3 say issuers can do with sensitive authentication data they store?,89
How must stored sensitive authentication data be protected under 3.3.3?,89
What evidence is checked to confirm there’s a legitimate business reason for storing SAD?,89
What do assessors examine to confirm SAD is stored securely?,89
"For issuers and companies supporting issuing services, what is the testing step in 3.3.3.a?",89
"What has to be masked when PAN is shown, and what’s the most that can be visible by default?",91
Which people are allowed to see more than the BIN and last four digits of a PAN?,91
What documented evidence has to exist for roles that need full PAN access?,91
How do you check that systems only show full PAN to approved roles?,91
"What do the testing steps for 3.4.1 look for in policies, configurations, and actual screens or receipts?",91
What controls are needed to stop PAN being copied or moved when people connect remotely?,93
Who is allowed to copy or relocate PAN over remote-access tools?,93
How do you test compliance with requirement 3.4.2?,93
What evidence needs to exist for users who are permitted to copy or move PAN?,93
"Is 3.4.2 mandatory now, or only a best practice until 31 March 2025?",93
How must stored PAN be protected so it can’t be read back in clear text?,94
What methods are acceptable for requirement 3.5.1 to make PAN unreadable at rest?,94
"If both hashed and truncated PAN versions exist, what extra controls are needed to keep them from being combined?",94
What do assessors need to review to verify compliance with 3.5.1?,94
"Does the PAN unreadable-at-rest rule also cover backups and logs, or only databases?",94
What has to be true about hashes used to make stored PAN unreadable under 3.5.1.1?,95
Which key management requirements apply to keyed hashes of PAN in 3.5.1.1?,95
How does an assessor verify 3.5.1.1 for the hashing method and key handling?,95
What evidence should be reviewed to confirm PAN is unreadable in repositories and logs for 3.5.1.1?,95
"Does 3.5.1.1 require the hash to cover the full PAN, and if so, how is that checked?",95
When is disk- or partition-level encryption allowed to make PAN unreadable?,97
"If a non-removable drive uses disk-level encryption, what else has to be done to PAN?",97
Which storage type can rely on disk- or partition-level encryption by itself?,97
What does the tester need to examine to confirm 3.5.1.2 is met?,97
What does 3.5.1.2.b require the assessor to check in vendor docs and system setup?,97
"When is disk or partition encryption acceptable for protecting PAN, and what extra controls must go with it?",99
How should logical access be handled if disk-level encryption is used instead of file- or field-level encryption?,99
Can decryption keys be tied to user accounts under requirement 3.5.1.3?,99
What does the assessor need to inspect to confirm 3.5.1.3 is implemented correctly?,99
"Are passwords, passphrases, or cryptographic keys that unlock unencrypted data allowed to rely on normal OS login controls?",99
What controls are required for protecting cryptographic keys that secure stored account data?,100
What has to be included in key-management procedures for requirement 3.6.1?,100
How do you verify that key-protection processes for stored account data are documented and implemented?,100
"Are the controls in 3.6.1 only for data-encrypting keys, or do they also apply to key-encrypting keys?",100
How should key-encrypting keys be handled in relation to data-encrypting keys and storage locations?,100
What has to be documented in the cryptographic architecture for service providers?,101
"Does the crypto architecture record need to include algorithms, protocols, keys, and their strength/expiry?",101
"Is there a requirement to keep production and test cryptographic keys separate, and is it mandatory yet?",101
"What inventory details are needed for HSMs, KMS, and other secure cryptographic devices?",101
How do assessors verify compliance with requirement 3.6.1.1?,101
What forms can secret and private keys be kept in to protect stored account data under 3.6.1.2?,103
How do you verify that the keys used to encrypt or decrypt stored account data are only kept in approved forms?,103
"If a key-encrypting key is used, what must be true about its strength and where it’s stored compared with the data-encrypting key?",103
Can the required keys be stored inside an HSM or PTS-approved point-of-interaction device?,103
What evidence does 3.6.1.2 ask the assessor to review for key storage and key-encrypting key separation?,103
What does 3.6.1.3 require for who can access cleartext key components?,104
How do you test compliance with 3.6.1.3?,104
What’s the minimum access control expectation for cryptographic key custodians?,104
"Under PCI DSS 3.6.1.3, who should be allowed to handle key components?",104
What should an assessor review to confirm cleartext key components are limited to necessary custodians?,104
What does PCI DSS 3.6.1.4 require for where cryptographic keys are kept?,105
How should a reviewer check compliance with requirement 3.6.1.4?,105
Why does PCI DSS want cryptographic keys stored in only a few places?,105
What is the objective for the customized approach under 3.6.1.4?,105
Which requirement covers limiting cryptographic key storage locations?,105
What key-management process is required for encrypted stored account data under 3.7?,106
How do you test that strong cryptographic keys are generated for stored account data under 3.7.1?,106
What does 3.7.2 require for distributing cryptographic keys that protect stored account data?,106
How is secure key distribution verified for Requirement 3.7.2?,106
What do the key-management policies need to cover for the lifecycle of keys used to protect stored account data?,106
What key-management rule applies to cryptographic keys used to protect stored account data?,107
How do I show that keys for stored account data are being kept securely?,107
What do the key-management policies need to say about storing cryptographic keys?,107
"For requirement 3.7.3, what should the assessor look for in the policies and procedures?",107
What does the testing for 3.7.3 involve checking about key storage?,107
What has to be in key-management procedures for keys that expire?,108
How do you verify that stored-data encryption keys are being rotated on time?,108
What does PCI DSS 3.7.4 require for cryptoperiods and key changes?,108
"Which people, records, or locations should be checked to confirm key rotation at cryptoperiod end?",108
What is the objective of requirement 3.7.4?,108
"When do stored-account-data keys have to be retired, replaced, or destroyed under 3.7.5?",109
What must happen to a key after it reaches the end of its cryptoperiod?,109
How is compliance with the key retirement/replacement/destruction process checked for 3.7.5?,109
What happens if a cleartext key component holder leaves the company or the role?,109
"If an old key has to be kept, how should it be stored and can it still be used to encrypt data?",109
What has to be in place for manual cleartext key-management operations under PCI DSS 3.7.6?,110
How do I prove split knowledge and dual control for stored-account-data keys?,110
What does 3.7.6.a require the assessor to look for in the key-management documentation?,110
What does PCI DSS say about a key that is just split into two pieces?,110
How must secret or private key shares be generated to meet the requirement?,110
What do our key-management procedures need to cover to stop someone swapping in a fake cryptographic key?,111
How do we prove key substitution by unauthorized people is prevented?,111
"For requirement 3.7.7, what has to be written into the key-management policy?",111
What should the assessor look for in the documents and interviews for 3.7.7?,111
What is the objective of 3.7.7 in plain terms?,111
What has to be formally acknowledged by cryptographic key custodians under 3.7.8?,112
How does the assessor verify compliance with the key-custodian acknowledgment requirement?,112
Which requirement says key custodians must confirm they understand and accept their responsibilities?,112
What evidence is needed to show key custodians have acknowledged their role?,112
"For stored-account-data keys, what do the key-management policies need to cover about custodian acknowledgments?",112
What must a service provider do when it shares cryptographic keys with customers for account data transmission or storage?,113
"For requirement 3.7.9, what customer-facing key management guidance has to be documented and given out?",113
How is compliance with 3.7.9 checked during a service provider assessment?,113
"Does 3.7.9 apply to merchants, or only when the assessed entity is a service provider?",113
"When shared keys are provided, what needs to be included so the guidance matches requirements 3.7.1 through 3.7.8?",113
"What does 4.1 require for protecting cardholder data in transit over open, public networks?",115
"Under 4.1.1, what has to be true for the security policies and operating procedures tied to Requirement 4?",115
How do you test compliance with 4.1.1?,115
"Are policies and procedures in Requirement 4 supposed to be updated after changes, or only on a schedule?",115
Who needs to know the Requirement 4 policies and procedures for 4.1.1 to pass?,115
What does PCI DSS require for documenting and assigning roles in Requirement 4?,116
How do you test whether Requirement 4.1.2 is in place and understood by staff?,116
"For 4.1.2, what should an assessor look for in the written evidence?",116
"What method can be used to record who is responsible, accountable, consulted, and informed?",116
"Under Requirement 4, are personnel supposed to both have assigned duties and understand them?",116
"What has to be in place to protect PAN when it crosses an open, public network?",117
"Under requirement 4.2.1, what checks are needed for keys and certificates used in transit?",117
How do you verify that PAN is encrypted during transmission over public networks?,117
"What does the standard say about protocol versions, algorithms, and fallback to insecure options?",117
Are expired or revoked certificates allowed for safeguarding PAN in transit?,117
What has to be included in the inventory for keys and certificates used to protect PAN in transit?,120
How do you check that the trusted key and certificate inventory is being kept current?,120
What does requirement 4.2.1.1 say about tracking trusted keys and certificates?,120
What should the documented procedures define for maintaining the trusted key and certificate inventory?,120
"What details are recommended for certificates in the inventory, such as CA and expiration date?",120
What cryptography do wireless networks need to use for authentication and transmission when they carry PAN or connect to the CDE?,121
How do you check compliance for requirement 4.2.1.2 on wireless network encryption?,121
Which wireless networks are in scope for strong cryptography under 4.2.1.2?,121
What is the objective of 4.2.1.2 regarding PAN over wireless?,121
Can wireless systems fall back to a weaker protocol or encryption level under this requirement?,121
"What has to happen to PAN when it’s sent by email, chat, SMS, or similar tools?",122
Which requirement covers protecting card data sent through end-user messaging apps?,122
How do you check compliance with 4.2.2 for messaging channels?,122
What evidence should be reviewed to confirm PAN is encrypted in messaging systems?,122
Does 4.2.2 apply if a customer asks for PAN to be sent over an insecure message channel?,122
What does 5.1 require for protecting systems and networks from malware?,124
"Under 5.1.1, what has to be true of the security policies and procedures in Requirement 5?",124
How do you verify compliance with 5.1.1?,124
Should the policies and procedures in Requirement 5 be updated only on a fixed schedule?,124
"Which requirement says all Requirement 5 policies and procedures must be documented, current, in use, and known to affected staff?",124
What does 5.1.2 require for roles tied to Requirement 5 activities?,125
How do you test whether Requirement 5 responsibilities are properly assigned and understood?,125
What should be in the documentation for 5.1.2?,125
Who needs to be interviewed to confirm 5.1.2 is working as intended?,125
What is the objective of the customized approach for Requirement 5 responsibilities?,125
What does 5.2 require for malware protection overall?,126
"Where must an anti-malware solution be installed, and what exception is allowed?",126
How do you check whether a system component can be left without anti-malware under 5.2.1?,126
What does 5.2.1.a say to inspect to confirm anti-malware is deployed?,126
"For systems without anti-malware, what must the periodic evaluation show under 5.2.3?",126
What must the deployed anti-malware tools do with all known malware types under requirement 5.2.2?,127
How does an assessor verify compliance with 5.2.2 for anti-malware controls?,127
"Does 5.2.2 require anti-malware to both detect and remove, block, or contain malware?",127
What evidence should be reviewed to test requirement 5.2.2?,127
Which requirement number covers detection and containment of all known malware types?,127
What has to be included in periodic reviews for systems not considered at risk for malware under 5.2.3?,128
How do you prove the review process for 5.2.3 is defined and being followed?,128
What does 5.2.3.c require the assessor to compare the no-malware list against?,128
Which system components are in scope for 5.2.3?,128
Does 5.2.3 require tracking new malware threats and confirming the systems still do not need anti-malware protection?,128
How often must systems not considered at risk for malware be rechecked under Requirement 5.2.3.1?,129
What does the targeted risk analysis need to determine for Requirement 5.2.3.1?,129
How do you verify the periodic evaluation frequency for system components not at risk for malware?,129
What evidence and interviews are used to confirm Requirement 5.2.3.1 is being followed?,129
When does Requirement 5.2.3.1 stop being a best practice and become mandatory?,129
What has to keep the anti-malware tool current?,130
How do you verify the anti-malware solution is set to update itself automatically?,130
What evidence shows the malware definitions and software are up to date and deployed quickly?,130
"Under requirement 5.3.1, what condition must the anti-malware solution meet?",130
"When checking 5.3.1, what should be reviewed in the configuration and logs?",130
What does 5.3.2 require the anti-malware solution to do?,131
Can a system meet 5.3.2 with behavioral analysis instead of scheduled scans?,131
How do you verify 5.3.2 in configuration review?,131
What system components must be checked to confirm 5.3.2 is enabled?,131
What evidence is used to confirm 5.3.2 from an audit standpoint?,131
What sets the frequency for periodic malware scans under 5.3.2.1?,132
Which requirement must the targeted risk analysis follow for 5.3.2.1?,132
How do you verify that periodic malware scans are running at the right interval?,132
What evidence should be reviewed to confirm the malware scan frequency?,132
"Is 5.3.2.1 mandatory now, or still a best practice until 31 March 2025?",132
What has to happen when removable media is plugged in or mounted to satisfy 5.3.3?,133
"Does 5.3.3 require a scan on insert, or is continuous behavior monitoring acceptable for removable media?",133
How do you check that anti-malware is set up correctly for removable electronic media under 5.3.3?,133
What evidence should be reviewed to confirm 5.3.3 is active on systems with removable media attached?,133
"Is requirement 5.3.3 currently mandatory, or only a best practice until 31 March 2025?",133
What has to be enabled and kept for the anti-malware tool under 5.3.4?,134
How do you verify compliance with requirement 5.3.4 for anti-malware logging?,134
"For 5.3.4, how long do anti-malware logs need to be retained?",134
Which requirement says the anti-malware solution’s audit logs must be enabled and retained?,134
What is the objective for anti-malware action records under the customized approach?,134
"Under PCI DSS 5.3.5, who can let anti-malware be turned off or changed, and for how long?",135
What configuration setting should I check to confirm users can’t disable or alter anti-malware?,135
What evidence is required to show a request to disable anti-malware was properly approved?,135
Does 5.3.5 allow an admin to disable anti-malware on their own device without approval?,135
What does the testing procedure for 5.3.5.a require the assessor to examine?,135
What anti-phishing controls have to be in place for personnel with access to in-scope system components?,136
How is compliance with the phishing protection requirement verified during an assessment?,136
"What does PCI DSS say about DMARC, SPF, and DKIM for anti-phishing defenses?",136
Does meeting the phishing control requirement also satisfy the security awareness training requirement 12.6.3.1?,136
When does requirement 5.4.1 stop being a best practice and become mandatory?,136
What has to be true for the security policies and operational procedures in Requirement 6.1.1?,139
How do you prove Requirement 6.1.1 is being followed?,139
"What is the exact requirement number for keeping Requirement 6 policies and procedures documented, current, in use, and known?",139
What does Requirement 6 say about managing the policies and procedures tied to secure systems and software?,139
Which people need to know the security policies and operational procedures covered by Requirement 6?,139
What does 6.1.2 require for roles and responsibilities tied to Requirement 6 activities?,140
How do you verify 6.1.2 is in place during an assessment?,140
"Does 6.1.2 expect responsibilities to be documented and assigned, or just assigned verbally?",140
What should the assessor look for in the documentation for 6.1.2?,140
"Under Requirement 6, who needs to understand their assigned duties?",140
What has to be true for bespoke and custom software to count as securely developed under 6.2.1?,141
"Does 6.2.1 apply to third-party software, or only software the entity develops for its own use?",141
What evidence does the assessor review to test compliance with 6.2.1?,141
At what stages of the software lifecycle must security be considered for bespoke and custom software?,141
Which requirement says bespoke and custom software must be developed securely?,141
What training must developers on bespoke or custom software get every 12 months under 6.2.2?,142
Does 6.2.2 require secure design and secure coding to be covered in developer training?,142
"If security testing tools are used, what has to be included in the developer training?",142
How do you verify compliance with 6.2.2 in procedures and records?,142
Which software development staff are covered by 6.2.2?,142
What has to happen before bespoke or custom software goes live or is handed to customers under 6.2.3?,143
How does PCI DSS say a code review under 6.2.3 needs to be performed?,143
What are auditors supposed to inspect to confirm 6.2.3 is being followed?,143
"Does 6.2.3 apply to internal apps, public web apps, or both?",143
"What does 6.2.3 require code reviews to check for, and when must fixes be made?",143
What has to happen before bespoke or custom code can be released if a manual review is used?,144
Who is allowed to review the code under requirement 6.2.3.1?,144
"Does the review need management approval, and if so, when?",144
How do you verify compliance with 6.2.3.1 during an assessment?,144
"Can the person approving the review be the author or reviewer, or do they need to be separate?",144
What secure coding methods have to be in place for custom and bespoke software under 6.2.4?,145
Which kinds of attacks does Requirement 6.2.4 say developers need to address?,145
How do you verify that developers are actually using the required engineering techniques in 6.2.4?,145
"Does 6.2.4 cover SQL injection, XSS, CSRF, and access control attacks?",145
What high-risk vulnerabilities from the 6.3.1 process have to be considered in 6.2.4?,145
How do we classify and prioritize security vulnerabilities under requirement 6.3?,147
What sources have to be used to identify new vulnerabilities for 6.3.1?,147
What has to be included in the risk ranking for vulnerabilities in 6.3.1?,147
"Does 6.3.1 require coverage of bespoke, custom, and third-party software, and if so, which kinds?",147
How is compliance with 6.3.1 checked during the assessment?,147
What has to be kept in inventory under requirement 6.3.2?,151
How do you confirm the 6.3.2 inventory is being used to find and fix vulnerabilities?,151
What evidence is checked for 6.3.2.a?,151
What does 6.3.2.b compare the software records against?,151
"Is 6.3.2 mandatory yet, or still a best practice?",151
What is the deadline for applying patches for critical vulnerabilities under 6.3.3?,152
How should noncritical patches be scheduled in 6.3.3?,152
What do assessors review to confirm 6.3.3 is being followed?,152
What do they compare installed patches against when testing 6.3.3?,152
What does requirement 6.3.3 say about protecting system components from known vulnerabilities?,152
What has to be in place to protect public-facing web apps from attacks under 6.4.1?,154
"How often do public web apps need a vulnerability review, and when else should it happen?",154
"If we use a WAF or similar control, what conditions does it have to meet to satisfy 6.4.1?",154
What does 6.4.1 say about handling and fixing findings from an app security review?,154
How do assessors verify compliance with 6.4.1 when the control is a review process versus an automated solution?,154
"What automated protection has to be in place for public-facing web apps, and what must it do?",156
"For 6.4.2, what are the required checks for the solution’s placement, status, logging, and response to attacks?",156
What evidence does the assessor need to review to confirm 6.4.2 is met?,156
"Does the control need to block attacks, or is alerting enough if it’s immediately investigated?",156
When does Requirement 6.4.2 stop being a best practice and become mandatory?,156
What has to be in place for scripts running in the payment page browser session under requirement 6.4.3?,157
How do you verify 6.4.3 is being followed for payment page scripts?,157
What evidence does 6.4.3.a ask you to review during the assessment?,157
What do you need to show for the script inventory under 6.4.3?,157
How does 6.4.3.b say to confirm payment page scripts are controlled?,157
What has to be included in change control for production system components under 6.5.1?,159
How do you verify that recent system changes followed the approved change process for 6.5.1?,159
Does 6.5.1 require testing to show a change won’t weaken system security before it goes live?,159
"For bespoke or custom software updates, what extra check is required before production deployment?",159
What should the fallback procedure cover if a change fails or hurts security?,159
What has to be checked after a major change to a system or network under 6.5.2?,160
How do you verify compliance for 6.5.2 during an assessment?,160
Which requirement covers confirming PCI DSS controls are still in place after significant changes?,160
"When a change is completed, what documentation needs to be updated?",160
What should significant changes also feed into for the annual scope confirmation?,160
"What does requirement 6.5.3 say about separating pre-production from production, and what has to enforce it?",161
How do you verify that pre-production is kept apart from production under 6.5.3?,161
What evidence should be reviewed to confirm the pre-production and production environments are separated by access controls?,161
"In 6.5.3, what should network diagrams and security control configs show about environment separation?",161
What access control settings need to be in place to satisfy 6.5.3?,161
What has to be separated between production and pre-production environments under 6.5.4?,162
What is the control trying to prevent by splitting roles and functions across those environments?,162
How do you verify compliance with requirement 6.5.4?,162
"If a team is short on staff, can one person do multiple roles for 6.5.4, and what extra controls are needed?",162
"What must be true before changes get deployed, according to 6.5.4?",162
What’s the rule on using live PANs in pre-production systems under 6.5.5?,163
"When are live PANs allowed in pre-production, if ever?",163
How do we prove we’re not using live PANs in pre-production environments?,163
What should the assessor look at for 6.5.5 to confirm compliance?,163
Does 6.5.5 allow live PANs outside the CDE if the pre-prod environment is protected?,163
What has to be removed from system components before production under 6.5.6?,164
How do you verify that test data and test accounts are cleared before a system goes live?,164
What should you look for in recently installed or updated applications to confirm no test accounts are in production?,164
What do the procedures need to define about removing test data and test accounts before production?,164
What is the objective of the customized approach for requirement 6.5.6?,164
What does Requirement 7.1 say about how access to system components and cardholder data has to be controlled?,166
"According to 7.1.1, what has to be true of the security policies and operating procedures listed in Requirement 7?",166
How do you verify compliance with 7.1.1—what evidence and people should be checked?,166
"Does 7.1.1 require the documents to be only written, or also current, used, and known by the right staff?",166
What is the purpose of 7.1.1 in relation to the policies and procedures in Requirement 7?,166
What does 7.1.2 require for roles and responsibilities in Requirement 7?,167
How do you test compliance with 7.1.2?,167
What should the assessor look for in documentation for 7.1.2?,167
Do staff responsible for Requirement 7 need to understand their assigned duties?,167
What is the objective of the customized approach for Requirement 7 roles and responsibilities?,167
What has to be included in the access control model for 7.2.1?,168
How do you verify the access control model under 7.2.1?,168
Does 7.2 require access to be based on job role and least privilege?,168
"What should be checked in policies, procedures, and settings for 7.2.1?",168
Which PCI DSS requirement covers defining and assigning access appropriately?,168
What has to drive user access assignments under 7.2.2?,170
How should privileged access be limited for each user role?,170
What do assessors need to check to confirm 7.2.2 is in place?,170
"Under 7.2.2, what should be reviewed in user access settings and management interviews?",170
What is the objective of the customized approach for access control here?,170
Who has to approve assigned access privileges under 7.2.3?,171
What written process is needed for approving all user privileges?,171
How do you verify that a user's privileges were properly authorized?,171
Do the approved privileges need to match the person's assigned role?,171
What does PCI DSS 7.2.3 require before granting required privileges?,171
How often must all user accounts and access rights be reviewed under 7.2.4?,172
What has to be checked during the access review so privileges stay appropriate?,172
What should happen if the review finds access that should not be there?,172
How does management need to respond to the results of the account review?,172
What do assessors look at to verify compliance with 7.2.4?,172
What access rules have to be applied to application and system accounts under 7.2.5?,173
How do you test that application and system account privileges are managed correctly for 7.2.5?,173
What evidence is needed to verify 7.2.5.a?,173
What should account access be limited to according to 7.2.5?,173
"Is requirement 7.2.5 mandatory yet, or still treated as a best practice until a certain date?",173
How often do application and system account access rights have to be reviewed under 7.2.5.1?,174
What has to be checked during the review of application and system account privileges?,174
What do reviewers need to do if they find access that shouldn’t be there?,174
How is compliance with 7.2.5.1 verified in an assessment?,174
When does 7.2.5.1 stop being optional and become required?,174
What controls are required for user access to query stored cardholder data repositories under 7.2.6?,175
Who is allowed to directly query a stored cardholder data repository?,175
How must access and permitted actions be set when users query stored CHD through applications or other programmatic methods?,175
What do auditors need to review to verify compliance with 7.2.6?,175
What is the requirement number for restricting direct ad hoc access to stored cardholder data repositories?,175
What does Requirement 7.3 say about how access to system components and data has to be managed?,176
"Under 7.3.1, what has to be in place to limit access by need-to-know across all system components?",176
How do you test compliance with 7.3.1?,176
"What does 7.3.2 require the access control system to enforce for users, apps, and systems?",176
How do you verify 7.3.2 using vendor docs and system settings?,176
How do I verify the access control system is configured to deny access by default under 7.3.3?,177
What default setting must the access control system use for requirement 7.3.3?,177
Which requirement says the access control system has to be set to deny all by default?,177
What evidence is checked to confirm the default access control setting for 7.3.3?,177
Why does PCI DSS want access control systems to start from a deny-all setting?,177
What has to be true for the security policies and procedures in Requirement 8?,180
How do you verify that Requirement 8 policies and procedures are managed properly?,180
"Are the Requirement 8 procedures required to be documented, current, and actually used?",180
Who needs to know the policies and operational procedures tied to Requirement 8?,180
What is PCI DSS requirement 8.1.1 asking an organization to do?,180
What does 8.1.2 require for roles and responsibilities tied to Requirement 8?,181
How do you test compliance with 8.1.2?,181
What should be checked in documentation for 8.1.2?,181
"Who needs to be interviewed to verify 8.1.2, and what should they understand?",181
"Under Requirement 8, how are duties for the related activities supposed to be handled?",181
What does requirement 8.2 say about managing user and admin accounts over their lifecycle?,182
"Before anyone can access system components or cardholder data, what must be true about their user ID under 8.2.1?",182
How do you verify that each person’s access can be traced back to an individual in 8.2.1?,182
What evidence should be reviewed to confirm unique user identification for system and cardholder data access?,182
Does 8.2.1 apply to POS user accounts that can only access one card number at a time?,182
When are shared or generic user IDs allowed under 8.2.2?,183
What controls does 8.2.2 require for shared authentication credentials?,183
How do I verify compliance with 8.2.2 on user accounts and procedures?,183
What does 8.2.2 say about who must approve use of a shared account?,183
Does 8.2.2 apply to POS terminal accounts that handle only one card number at a time?,183
What does requirement 8.2.3 require service providers to do for remote access to different customer sites?,184
How do you test whether a service provider is using separate authentication factors for each customer premises?,184
Why is sharing one remote-access authentication factor across customers considered risky under 8.2.3?,184
"In 8.2.3, what is the customized approach objective for a provider’s customer-specific credential?",184
What evidence should an assessor review to confirm compliance with 8.2.3 for service-provider assessments?,184
"What has to happen to user IDs and authentication factors when they’re added, changed, or deleted?",186
How do you check that account lifecycle changes were properly approved and only the approved access was put in place?,186
Who does 8.2.4 apply to?,186
What must be done to access for terminated users?,186
"Under 8.2.5, what evidence or checks are used to confirm a terminated user’s access and physical auth factors are disabled or returned?",186
How long can a user account stay inactive before it has to be removed or disabled?,187
What do we need to do with third-party remote access accounts when they’re not needed?,187
How do assessors check that inactive accounts are handled on time?,187
What evidence shows third-party access is only enabled when needed and watched for suspicious use?,187
What does PCI DSS 8.2.7 require for remote accounts used by vendors or support providers?,187
What does PCI DSS 8.2.8 require when a session has been idle for more than 15 minutes?,189
How do you verify that idle-time controls for user sessions meet 8.2.8?,189
What timeout value is allowed for user sessions before re-authentication is needed?,189
Which requirement says to re-authenticate before reactivating an idle terminal or session?,189
Does 8.2.8 apply to POS accounts that can access only one card number at a time?,189
What authentication factor(s) are acceptable for user and admin access to system components under 8.3.1?,190
How does 8.3.1 say you should check that authentication is working as intended?,190
What is the exact requirement number for the rule about authenticating all user access with at least one factor?,190
Does 8.3.1 allow digital certificates to count as a possession factor?,190
Are POS terminal accounts that handle only one card number at a time covered by this requirement?,190
What does requirement 8.3.2 require for authentication factors in transit and at rest?,191
How do you verify that passwords and other auth data are unreadable when sent over the network?,191
What evidence should an assessor review to confirm auth factors are protected with strong cryptography?,191
"Under 8.3.2, what needs to be true when checking stored repositories of authentication factors?",191
What is the objective behind 8.3.2 regarding cleartext authentication factors?,191
What has to happen before any authentication factor is changed for a user?,192
How do you test whether identity checks are done before changing an authentication factor?,192
Which PCI DSS requirement covers verifying user identity before modifying authentication factors?,192
What are some acceptable ways to confirm a user’s identity before a password reset or token change?,192
Why does PCI DSS require identity verification before authentication factors are modified?,192
"What is the maximum number of bad login tries allowed before an account is locked, and how long must it stay locked?",193
"For requirement 8.3.4, how do you test that lockout settings are configured correctly?",193
"When a password or passphrase is used for 8.3.1, what has to happen the first time it’s set or reset?",193
How is compliance with requirement 8.3.5 verified for password setup and reset procedures?,193
Can a locked account be reopened before 30 minutes if the user’s identity is confirmed?,193
What password complexity does 8.3.6 require when passwords are used for authentication?,194
"If a system can’t support 12 characters, what’s the shortest allowed password length under 8.3.6?",194
What does 8.3.6 require passwords to include besides letters?,194
How do you verify compliance with the 8.3.6 password complexity requirement?,194
"Which accounts are excluded from 8.3.6, and when does this requirement become mandatory?",194
What does 8.3.7 require about reusing old passwords or passphrases?,195
How many previous passwords or passphrases must be blocked under 8.3.7?,195
How do you test compliance with 8.3.7 in system settings?,195
For how long must a previously used password be unusable under the customized approach objective?,195
Which user accounts are out of scope for 8.3.7 according to the applicability note?,195
What must authentication policies and procedures cover for users under requirement 8.3.8?,196
How do you prove that the authentication policy was shared with everyone who uses it?,196
What do you check in the user-facing auth policy to confirm it meets 8.3.8?,196
What should users be told to do if they think a password or passphrase has been exposed?,196
How is compliance with 8.3.8 verified when interviewing users?,196
"When a login relies only on a password or passphrase, what has to be done to meet 8.3.9?",197
How often must passwords be changed if they’re the only factor used for user access?,197
What’s the alternative to a 90-day password change cycle under requirement 8.3.9?,197
How do you verify compliance with 8.3.9 during an assessment?,197
"Does 8.3.9 apply when MFA is in use, or to POS terminals and service provider customer accounts?",197
"For service providers, what guidance has to be given to customers when passwords are the only login factor for access to card data?",199
"According to 8.3.10, what two topics must the customer-facing password guidance cover?",199
"When single-factor password authentication is used for customer access, how is the guidance checked during an assessment?",199
"Who does requirement 8.3.10 apply to, and who is it not meant for?",199
What happens to the service-provider version of 8.3.10 once 8.3.10.1 takes effect?,199
What has to be done when a service provider uses only a password or passphrase for customer user access?,200
How often must those passwords or passphrases be changed under Requirement 8.3.10.1?,200
What alternative to periodic password changes is allowed by 8.3.10.1?,200
How do you verify compliance with 8.3.10.1 during a service provider assessment?,200
Does 8.3.10.1 apply to consumer users or only to service providers?,200
"What has to be true when we issue tokens, smart cards, or certificates to users?",201
How do we prove those authentication factors aren’t being shared between users?,201
What controls are needed so only the right person can use the factor to log in?,201
"For PCI DSS 8.3.11, what does the tester need to review or observe?",201
Can one security token or certificate be used by more than one user under 8.3.11?,201
What does 8.4 require for securing access to the CDE?,202
"For 8.4.1, who has to use MFA when connecting to the CDE without a console?",202
How do you verify that MFA is enforced for non-console administrative access to the CDE?,202
Does 8.4.1 apply to all staff with elevated privileges accessing the CDE over a network connection?,202
Is using two passwords counted as MFA under this requirement?,202
What does requirement 8.4.2 require for non-console access into the CDE?,203
How do you verify that MFA is in place for all non-console logins to the CDE?,203
"When checking 8.4.2, what configuration evidence should be reviewed?",203
What should an assessor observe to confirm MFA is required for CDE access?,203
What is the security objective behind 8.4.2?,203
What does 8.4.3 require for remote access coming from outside the network that could reach or affect the CDE?,206
How do you test that MFA is enforced for external remote connections under 8.4.3?,206
What evidence should be reviewed to confirm remote access servers and systems need MFA for 8.4.3.a?,206
"What should be observed for users, admins, and third parties connecting remotely to satisfy 8.4.3.b?",206
"Under Requirement 8.4.3, can remote access be allowed with only one authentication factor?",206
What has to be true about MFA setups so they can’t be misused or bypassed?,208
How do you check whether the MFA solution is protected against replay attacks?,208
"Can administrators ever skip MFA, and if so, under what conditions?",208
What does requirement 8.5.1 say must happen before access is allowed through MFA?,208
"When testing 8.5.1, what evidence is reviewed and what is observed for local and remote logins?",208
What controls are required if a system or application account can be used to log in interactively?,210
How do you prove interactive use of these accounts is handled correctly during an assessment?,210
"When interactive use is allowed for a system or application account, what approvals and documentation are needed?",210
What does PCI DSS 8.6 require for managing application and system accounts and their authentication factors?,210
"Under requirement 8.6.1, what must be checked so every action on an interactive system or application account can be tied to one person?",210
What does PCI DSS 8.6.2 prohibit for app or system accounts that can be used to log in interactively?,211
How do you verify compliance with 8.6.2 in source code and config files?,211
What do procedures need to say about passwords for interactive-login application/system accounts under 8.6.2.a?,211
Which files or code should be checked to confirm 8.6.2.b?,211
When does 8.6.2 stop being a best practice and become required?,211
What has to be done to application and system account passwords or passphrases to keep them from being misused?,212
How should the change frequency and password complexity for application and system accounts be set under 8.6.3?,212
What evidence do assessors need to review for requirement 8.6.3 to confirm the controls are in place?,212
What does 8.6.3.b say the targeted risk analysis has to cover?,212
When does requirement 8.6.3 stop being a best practice and become mandatory?,212
What does Requirement 9 say about restricting physical access to cardholder data?,215
"Under 9.1.1, what has to be true of the security policies and operating procedures in Requirement 9?",215
How do you check compliance with 9.1.1?,215
Why does 9.1.1 focus on managing and maintaining the policies and procedures in Requirement 9?,215
What are the expectations for communicating Requirement 9 policies and procedure updates to affected personnel?,215
What does PCI DSS require for roles and responsibilities under Requirement 9.1.2?,216
How do you test whether Requirement 9.1.2 is in place?,216
What should an assessor look for to confirm the Requirement 9 activities are assigned and understood?,216
What number covers the requirement to document and assign responsibilities for Requirement 9 tasks?,216
How can an organization show that staff know their assigned duties for Requirement 9?,216
What physical controls have to be in place to keep people out of CDE systems at a facility entrance?,217
How do you check that entry controls are actually restricting access to CDE systems?,217
What does requirement 9.2 say physical access controls are meant to protect against?,217
"Does 9.2.1 apply to areas open to consumers, or only to restricted locations?",217
"For 9.2, what kinds of mechanisms count as acceptable physical access control examples?",217
What has to be in place to monitor individual entry and exit at sensitive areas inside the CDE?,218
How do you verify the monitoring setup is protected against tampering or disabling?,218
What must be done with the access data after it’s collected?,218
How long does the collected monitoring data have to be kept?,218
What does requirement 9.2.1.1 say about maintaining records of physical access to sensitive areas?,218
What controls are required for publicly reachable network jacks in the facility?,219
How do you test that open network ports inside the building are restricted properly?,219
What does requirement 9.2.3 say about access to wireless access points and telecom lines?,219
How is compliance with 9.2.3 verified during assessment?,219
What is the objective behind restricting physical access to networking and communications equipment?,219
How do I meet requirement 9.2.4 for consoles in sensitive areas when they’re not being used?,220
What should an assessor look for to verify console access control under 9.2.4?,220
Does PCI DSS require consoles in sensitive areas to be locked when idle?,220
"In 9.2.4, what stops unauthorized people from using system consoles in sensitive areas?",220
What is the customized approach objective for console access in sensitive areas?,220
What has to be in place to manage physical access for people in the CDE?,221
How do you prove personnel in the CDE are clearly identified?,221
What should happen when someone’s physical access needs change or they leave?,221
Who is allowed to use or control the badge or ID system?,221
What does requirement 9.3.1 say about authorizing and managing access to the CDE?,221
What controls are required for physical access to sensitive areas in the CDE under 9.3.1.1?,222
How do you verify that access to sensitive areas is only given when the person’s job needs it?,222
What does 9.3.1.1 say must happen to physical access when someone leaves the organization?,222
How is immediate revocation of physical access after termination tested in 9.3.1.1.b?,222
"What do you check under 9.3.1.1.c for keys, badges, and other access devices after termination?",222
What procedures are required for visitor access to the CDE under 9.3.2?,223
How do you verify visitors are authorized and escorted in the CDE?,223
Do visitor badges have to expire and be visibly different from staff badges?,223
What should be checked to confirm visitor ID does not allow unescorted CDE access?,223
What is the objective of the customized approach for visitor access control in 9.3.2?,223
What has to happen to a visitor badge when the visit ends or the badge expires?,224
What information needs to be in the visitor log under requirement 9.3.4?,224
"How long must visitor logs be kept, unless a law says otherwise?",224
How is compliance with visitor badge return/deactivation checked for 9.3.3?,224
What does 9.3.4 require the log to record about who authorized the visit?,224
What does requirement 9.4 say about protecting media that contains cardholder data?,225
How do you verify 9.4.1 is in place for physically securing all media with cardholder data?,225
What is required for offline backups with cardholder data under 9.4.1.1?,225
What evidence is needed to check that offline cardholder-data backups are stored securely?,225
What is the objective of 9.4.1.1 in the customized approach?,225
How often must the offline backup storage location security be reviewed for cardholder data media under 9.4.1.2?,226
What evidence does 9.4.1.2 require to show the backup location review is happening on schedule?,226
What does 9.4.2 require for classifying media that contains cardholder data?,226
How do you test compliance with 9.4.2 for media classification?,226
Does PCI require a specific label like “confidential” on media with cardholder data?,226
What has to happen when cardholder-data media leaves the facility under 9.4.3?,227
How do you prove media sent offsite is being logged and tracked for 9.4.3?,227
What details need to be in the offsite tracking log for media with cardholder data?,227
"Does 9.4.3 require a secured courier, or can some other trackable delivery method be used?",227
What records or interviews are used to test compliance with 9.4.3?,227
What has to be approved by management before it leaves the facility under requirement 9.4.4?,228
How do assessors verify that offsite media movements are properly authorized for 9.4.4?,228
Do the people approving media movement need to have “manager” in their job title for 9.4.4?,228
What does 9.4.5 require for electronic media that contains cardholder data?,228
How is compliance with 9.4.5 tested for electronic media inventory logs?,228
How often do we have to inventory electronic media that holds cardholder data under requirement 9.4.5.1?,229
What proof does the assessor need to see that media inventory procedures are defined and followed at least every 12 months?,229
"Does the annual inventory requirement apply to all electronic media, or only media containing cardholder data?",229
Which PCI DSS requirement number covers periodic inventory of electronic media with cardholder data?,229
"What do the testing steps for 9.4.5.1 look for in documents, logs, and interviews?",229
What has to happen to hard-copy cardholder data when it’s no longer needed for business or legal reasons?,230
How do you need to destroy paper records so the card data can’t be put back together?,230
What should be used to hold items awaiting destruction before they’re shredded or pulped?,230
How is compliance with requirement 9.4.6 checked during an assessment?,230
What is the objective of requirement 9.4.6?,230
What has to happen to electronic media that still contains cardholder data when it’s no longer needed for business or legal reasons?,231
What are the allowed ways to destroy or sanitize that media under requirement 9.4.7?,231
How do you test that the media destruction process meets 9.4.7?,231
What does the policy need to say for 9.4.7.a?,231
Is media destruction under 9.4.7 the same as the secure deletion rule in requirement 3.2.1?,231
What has to be in place to protect POI devices that read cards by direct contact?,232
"For requirement 9.5.1, what device-protection activities need to be defined in policy or procedure?",232
How do you check whether a merchant’s POI devices are covered by the required tamper checks and controls?,232
Does 9.5 require staff to be trained to spot and report suspicious device changes?,232
What specifically does 9.5.1 say to review during testing to confirm the process is defined?,232
What has to be on the POI device inventory for 9.5.1.1?,233
"For requirement 9.5.1.1, how do you check the device list is current and accurate?",233
What specific items must the reviewer confirm in the POI device list under 9.5.1.1.a?,233
How is the POI device inventory validated against what’s actually deployed under 9.5.1.1.b?,233
"Which devices are in scope for these POI inventory rules, and which ones are excluded?",233
What has to be done to point-of-interaction device surfaces under requirement 9.5.1.2?,235
How are periodic POI device inspections checked during an assessment?,235
What evidence should auditors look for to confirm device-surface inspections are defined in procedures?,235
What does 9.5.1.2.b require staff to know and do when inspecting POI devices?,235
What kind of device changes are these inspections meant to catch?,235
"What determines how often POI devices have to be inspected, and what kind of inspection is done?",237
How do you verify that POI inspection frequency matches the organization’s risk analysis?,237
What evidence should be reviewed and who should be interviewed for requirement 9.5.1.2.1?,237
Which requirement says periodic POI device inspections must be set by targeted risk analysis?,237
"Is 9.5.1.2.1 still optional, or does it become mandatory after 31 March 2025?",237
What training must POI staff get to spot tampering or device swaps?,238
How do you confirm a person claiming to be maintenance is really authorized before giving access?,238
"What should the procedures cover so a POI device isn’t installed, replaced, or returned without checks?",238
How is compliance with requirement 9.5.1.3 tested during an assessment?,238
What has to be included in the training review and staff interviews for 9.5.1.3?,238
What has to be true for the security policies and procedures in Requirement 10?,241
How do you check that Requirement 10 policies and procedures are being managed correctly?,241
What is the purpose of Requirement 10.1.1?,241
Do the logging and monitoring policies need to be documented and kept current?,241
What does 10.1 say about processes for logging access to system components and cardholder data?,241
What does 10.1.2 require for roles and responsibilities tied to Requirement 10?,242
How do you verify that Requirement 10 duties are documented and assigned?,242
What should be checked in the docs for 10.1.2?,242
What do interviewees need to show for 10.1.2 compliance?,242
What is the objective of the customized approach for Requirement 10 activities?,242
What does 10.2 require for audit logs across system components?,243
"Under 10.2.1, what has to be enabled and active for every system component and cardholder data?",243
How is 10.2.1 checked during an assessment?,243
What does 10.2.1.1 say about logging user access to cardholder data?,243
How do you verify compliance with 10.2.1.1?,243
"What has to be recorded for anyone with admin-level access, including when they use app or system accounts interactively?",244
How do you check that activity by privileged users is being logged properly?,244
Do audit logs need to record every time someone accesses the logs themselves?,244
What is the test step for proving access to audit logs is captured?,244
"Under requirement 10.2.1.4, what kind of logical access attempts must be logged?",244
What audit-log events have to be recorded for account/credential changes under 10.2.1.5?,246
"Under 10.2.1.5, does logging need to include new account creation and admin account changes?",246
How do you verify compliance with 10.2.1.5 in the logs and log settings?,246
What does 10.2.1.6 require audit logs to capture about log initialization and status changes?,246
"For 10.2.1.6, what should be checked to confirm start, stop, or pause events are being logged?",246
What audit-log details have to be recorded for each event under 10.2.2?,247
How do you prove that system-level object creation and deletion is logged under 10.2.1.7?,247
What specific log fields are required for each auditable event in 10.2.2?,247
What does 10.2.1.7 require for detecting changes to system-level objects?,247
How should auditors verify compliance with 10.2.2 and 10.2.1.7?,247
How are audit logs protected so they can’t be destroyed or changed without authorization?,248
Who is allowed to read audit log files under requirement 10.3.1?,248
What does requirement 10.3.1 say about read access to audit logs?,248
How do you verify that only staff with a job-related need can read audit logs?,248
"Does the protection for audit logs also apply when the logs are stored somewhere else, not just on the source system?",248
How are current audit logs supposed to be protected from tampering by users?,249
What controls does 10.3.2 say to check when verifying log protection?,249
"Are logs from external-facing systems required to be backed up centrally, and how quickly?",249
What does the assessor look at for 10.3.3 to confirm log backups are protected?,249
Why does PCI require audit logs to be stored on a secure internal server or other hard-to-change media?,249
What controls are required to make sure audit logs can’t be altered without an alert?,250
"For requirement 10.3.4, what has to be in place on audit logs?",250
How do you verify that file integrity monitoring is being used on audit logs?,250
"Should a monitoring tool alert when new log entries are added, or only when existing log data is changed or deleted?",250
What is the objective of the customized approach for requirement 10.3.4?,250
"What has to be reviewed in the audit logs, and how often?",251
Which logs are included under 10.4.1 for the daily review requirement?,251
How do you verify that log review is being done at least once a day?,251
What is the requirement number for daily review of audit logs for anomalies?,251
"If a provider handles log reviews, what does the organization still need to give them?",251
What does PCI DSS 10.4.1.1 require for audit log reviews?,252
How is compliance with 10.4.1.1 checked during assessment?,252
Which tools or systems can be used to automate log review under requirement 10.4.1.1?,252
What is the goal of the automated log review mechanism in 10.4.1.1?,252
When does requirement 10.4.1.1 stop being a best practice and become mandatory?,252
What does Requirement 10.4.2 require for logs from system components not covered by 10.4.1?,253
Which logs have to be reviewed periodically under 10.4.2?,253
How can an assessor verify that 10.4.2 is being met?,253
What evidence and interviews are used to test periodic log review for 10.4.2?,253
"Does 10.4.2 apply to all in-scope system components, or only some of them?",253
How often must log reviews be done for system components not covered by 10.4.1?,254
What does the targeted risk analysis for 10.4.2.1 have to follow?,254
How do you verify compliance with 10.4.2.1.a during an assessment?,254
What evidence is checked to confirm 10.4.2.1.b is met?,254
"Is 10.4.2.1 mandatory now, or still a best practice until 31 March 2025?",254
What has to happen when log-review exceptions or anomalies are found?,255
How do you show that suspicious findings from log review are handled?,255
What does requirement 10.4.3 say about exceptions and anomalies in the review process?,255
How is compliance with 10.4.3 checked during an assessment?,255
What should security policies and procedures include for dealing with review exceptions and anomalies?,255
"What is the minimum audit log retention period, and how much must be instantly accessible?",256
How do I prove audit log history is kept long enough under requirement 10.5.1?,256
What documents and checks are used to test 10.5.1 for log retention and availability?,256
What does 10.5.1 require for the newest three months of audit logs?,256
How are staff and system settings checked to confirm audit logs stay available for analysis?,256
What does PCI DSS 10.6 require for keeping time consistent across systems?,257
How do you verify compliance with 10.6.1 for system clock synchronization?,257
"What kind of technology can be used for time synchronization, and is NTP an example?",257
Why is synchronized time important for log review and incident forensics?,257
What does the standard say about keeping time-synchronization technology current under 6.3.1?,257
What has to be in place so systems stay on the same correct time?,258
Which time sources are allowed for the central time server under 10.6.2?,258
How do internal systems need to get time updates according to requirement 10.6.2?,258
What should be checked to verify 10.6.2 is set up correctly?,258
"If there are multiple designated time servers, how must they work together?",258
What does 10.6.3 require for protecting time synchronization settings and data?,259
Who is allowed to access time data under requirement 10.6.3?,259
How must changes to time settings on critical systems be handled?,259
How is 10.6.3.a tested for compliance?,259
What does the test in 10.6.3.b look for in logs and monitoring?,259
What has to happen when a critical security control system fails?,260
Which control types must be covered by the service-provider-only failure process in 10.7.1?,260
How do you prove the process for 10.7.1 exists and works?,260
"Does 10.7.1 apply to all organizations, or only service providers?",260
What is the exact wording of requirement 10.7.1?,260
What has to happen when a critical security control fails?,261
Which control-system failures does 10.7.2 explicitly cover?,261
How do you prove 10.7.2 is implemented during assessment?,261
What does 10.7.2.b expect the assessor to observe and ask staff about?,261
"When does 10.7.2 replace 10.7.1, and is it mandatory before then?",261
What has to happen when a critical security control fails?,262
What details need to be recorded about a security control failure?,262
How do you prove the incident response process for critical security control failures is in place?,262
"Under 10.7.3, what do reviewers need to see in the records of a control failure?",262
What actions are required to make sure monitoring and security functions are restored after a failure?,262
What has to be true for the security policies and procedures in Requirement 11?,265
How do you prove the Requirement 11 policies and procedures are being managed properly?,265
Are the Requirement 11 documents supposed to be kept current and actually used?,265
Who needs to know the security policies and operating procedures tied to Requirement 11?,265
What does 11.1.1 require for policies and procedures related to Requirement 11?,265
What does 11.1.2 require about roles for Requirement 11 activities?,266
How do you verify that the Requirement 11 responsibilities are assigned and understood?,266
What should the assessor check in 11.1.2.a?,266
What should personnel confirm in the 11.1.2.b interview?,266
"For Requirement 11, are responsibilities allowed to be kept in a separate document or do they have to be in the policy?",266
"What does PCI DSS require for finding and handling wireless access points, both approved and unapproved?",267
How often do we need to test for Wi‑Fi access points and identify any unauthorized ones?,267
"If we use automated wireless monitoring, what has to happen when it finds an access point?",267
What evidence do assessors look for to confirm our wireless access point checks meet 11.2.1?,267
Which PCI DSS requirement covers monitoring wireless access points and addressing unauthorized ones?,267
What has to be kept for approved wireless access points under 11.2.2?,269
What business reason must be documented for each authorized wireless access point?,269
How do you verify compliance with requirement 11.2.2?,269
What does the assessment team review to confirm the wireless AP inventory is maintained?,269
What is the goal of 11.2.2 regarding unauthorized wireless access points?,269
How often do internal vulnerability scans have to run under 11.3.1?,270
What must happen to high-risk and critical findings from internal scans?,270
What does the assessor check to confirm the scan tool is current with vulnerability data?,270
"How does PCI DSS say to verify internal scans were done by qualified, independent testers?",270
What evidence is reviewed to prove internal rescans cleared all high-risk and critical vulnerabilities?,270
What do we have to do with vulnerabilities that aren’t classified as high-risk or critical?,272
How do we prove the handling of lower-risk vulnerabilities is based on risk?,272
Does the scan process need follow-up rescans for these other vulnerabilities?,272
What does 11.3.1.1 say about the timing for fixing lower-ranked vulnerabilities?,272
What should the targeted risk analysis for 11.3.1.1 include at a minimum?,272
What has to be true for internal vulnerability scans under 11.3.1.2?,273
How do assessors check that authenticated scanning is actually being used for internal scans?,273
What should happen when a scan account can also be used to log in interactively?,273
"Which systems are allowed to be excluded from authenticated scanning, and how must they be handled?",273
What does 11.3.1.2.d require auditors to look for in the documentation?,273
"What has to happen to internal vulnerability scans after a significant change, and who is allowed to perform them?",274
"When a change is made, what do the scan results need to show about high-risk and critical vulnerabilities?",274
How do you verify compliance with requirement 11.3.1.3 for post-change internal scans?,274
"Do rescans need to be done after a significant change, and if so, under what condition?",274
Is authenticated internal scanning required for scans done after significant changes?,274
How often do external vulnerability scans have to run for 11.3.2?,275
Who has to perform the external vulnerability scans under 11.3.2?,275
What has to be true for an external scan report to count as passing?,275
What do you need to review in the last 12 months to check compliance with 11.3.2?,275
Is 11.3.2 allowed under the customized approach?,275
"What has to happen to external vulnerability scans after a major change, and what gets done about findings scored 4.0 or higher?",277
How do you verify that external scans were run after significant changes to systems?,277
What evidence is checked to confirm rescans were done and high-scoring vulnerabilities were fixed after a change?,277
"Who is allowed to perform the post-change external vulnerability scans, and does the tester have to be independent?",277
"For requirement 11.3.2.1, what do you look for in change records and scan reports during the test?",277
What has to be in the penetration-testing methodology for 11.4.1?,278
Does 11.4 require testing from both inside and outside the network?,278
How do we verify compliance with 11.4.1?,278
Are segmentation and scope-reduction controls supposed to be tested during penetration testing?,278
How long must penetration-test results and remediation records be kept?,278
"How often do we need to run internal penetration tests, and when else should they be repeated?",280
What has to be true about the person or firm doing the internal pen test?,280
What evidence does an assessor review to confirm internal penetration testing was done correctly?,280
Does the tester for internal penetration testing have to be a QSA or ASV?,280
Which PCI DSS requirement covers internal penetration testing and its testing steps?,280
How often do we need to run external penetration tests under 11.4.3?,281
What changes trigger an external pen test again?,281
"Who’s allowed to perform the external penetration test, and do they need to be independent?",281
How is compliance with 11.4.3 checked during an assessment?,281
What does 11.4.3 require the penetration test to follow?,281
What has to happen after a penetration test finds exploitable weaknesses?,282
How are issues from penetration testing prioritized for fixing under 11.4.4?,282
What does 11.4.4 require for re-testing after remediation?,282
How do you verify compliance with 11.4.4 during an assessment?,282
"According to Requirement 11.4.4, how should fixes be tied to the risk assessment in 6.3.1?",282
What does 11.4.5 require if segmentation is used to isolate the CDE from other networks?,283
"How often do segmentation controls have to be penetration tested, and when else after that?",283
What has to be covered and confirmed during a segmentation penetration test under 11.4.5?,283
"Who is allowed to perform the segmentation test, and does the tester have to be independent?",283
"How are auditors supposed to check compliance with 11.4.5, and what do they review or interview for?",283
"Under 11.4.6, how often do service providers have to test segmentation controls, and when else must they do it?",284
What has to be covered and confirmed in the segmentation penetration test for 11.4.6?,284
"Who is allowed to perform the 11.4.6 segmentation test, and does that person have to be a QSA or ASV?",284
How is 11.4.6.a verified during a service provider assessment?,284
"Does requirement 11.4.6 apply to merchants, or only to service providers?",284
What must a multi-tenant service provider do to support customers with external penetration tests under 11.4.7?,285
"If I'm assessing a multi-tenant provider, what evidence do I need to check for 11.4.7 compliance?",285
Does 11.4.7 let a multi-tenant service provider block penetration testing by customers?,285
Which PCI DSS requirement covers multi-tenant service provider support for customer external penetration testing?,285
"In the customized approach, how can a multi-tenant service provider meet the customer testing need?",285
What has to be in place to detect and stop network intrusions in the CDE?,287
Where does the standard require traffic to be monitored for intrusion detection or prevention?,287
What should happen when an IDS or IPS suspects a compromise?,287
How do you verify the IDS/IPS setup for requirement 11.5.1?,287
"What does 11.5.1 say about keeping detection engines, baselines, and signatures current?",287
"For service providers, what has to be in place to spot or stop covert malware communications?",288
How do you prove the covert-channel control is working during an assessment?,288
What has to be included in the incident response plan if covert malware communication is found?,288
What do assessors check to confirm staff know how to respond when malware is suspected?,288
"Under requirement 11.5.1.1, what techniques are required for service providers?",288
What does 11.5.2 require for detecting changes to critical files?,290
How often must critical file comparisons be run under 11.5.2?,290
"What kinds of file changes has to alert staff—just edits, or adds and deletes too?",290
How is compliance with 11.5.2 checked during testing?,290
"Under 11.5.2, what evidence should be reviewed to confirm the change-detection tool is set up correctly?",290
What has to be in place to detect unauthorized changes on payment pages?,292
How often does the change- and tamper-detection check need to run under 11.6.1?,292
What exactly must the detection mechanism alert on for payment pages received by the browser?,292
How do you verify compliance with requirement 11.6.1?,292
"If the control doesn’t run weekly, what risk-analysis evidence is needed for 11.6.1?",292
What does PCI DSS require for the organization’s overall information security policy under 12.1?,295
"According to 12.1.1, what four things has the information security policy been through?",295
How do you verify compliance with the overall information security policy requirement?,295
Who needs to be made aware of the information security policy and their responsibilities?,295
What is the purpose of having a comprehensive information security policy in place?,295
"How often does the information security policy need to be reviewed, and when must it be updated?",297
What does PCI DSS 12.1.3 require the security policy to say about security roles and responsibilities?,297
How do assessors check that the information security policy is being managed properly under 12.1.2?,297
What evidence is needed to show staff understand and acknowledge their security responsibilities under 12.1.3?,297
What is the objective behind requirements 12.1.2 and 12.1.3?,297
What does 12.1.4 require about who owns information security at the executive level?,298
How do you verify compliance with 12.1.4?,298
"Does the requirement need a CISO specifically, or can another executive with security knowledge be assigned?",298
What kind of evidence should show that information security is formally assigned to executive management?,298
What is the objective of 12.1.4 in the customized approach?,298
What has to be in an acceptable use policy for end-user tech under 12.2.1?,299
How do you verify the end-user technology acceptable use policy is actually implemented?,299
"Does 12.2.1 require formal approval, and if so, by whom?",299
What kinds of devices and services are covered by the acceptable use policy requirement?,299
What is the main requirement in 12.2 about acceptable use policies for end-user technologies?,299
What has to be documented in a targeted risk analysis for 12.3.1?,300
How often do we need to review each targeted risk analysis under 12.3.1?,300
What does PCI DSS want us to identify in the analysis for the protected assets and threats?,300
What should the review and update process for targeted risk analyses include to satisfy 12.3.1?,300
"For requirement 12.3, what is the purpose of doing a targeted risk analysis instead of a broader risk assessment?",300
What has to be done for each PCI DSS requirement covered by a customized approach under 12.3.2?,302
What evidence needs to be documented for the targeted risk analysis in 12.3.2?,302
Who has to approve the documented risk-analysis evidence for 12.3.2?,302
How often does the targeted risk analysis need to be repeated under 12.3.2?,302
How do assessors check compliance with requirement 12.3.2 for a customized approach?,302
"What has to be documented and reviewed for cryptographic cipher suites and protocols, and how often?",303
What needs to be in the inventory of cryptographic suites and protocols under requirement 12.3.3?,303
How do you verify compliance with 12.3.3?,303
Which cryptographic uses are covered by 12.3.3?,303
When does 12.3.3 stop being a best practice and become required?,303
How often do hardware and software technologies have to be reviewed under 12.3.4?,304
What has to be included in the technology review for 12.3.4?,304
What proof do assessors look for to confirm 12.3.4 is met?,304
Does 12.3.4 require senior-management approval for the remediation plan?,304
"Is 12.3.4 mandatory yet, or still a best practice until a certain date?",304
What has executive management got to set up for cardholder data protection and PCI DSS compliance when the organization is a service provider?,305
What has to be in the PCI DSS compliance program under requirement 12.4.1 for service providers?,305
Which PCI DSS requirement says compliance is managed?,305
How do you verify the service provider version of 12.4.1?,305
Who can count as executive management for this requirement?,305
What does PCI DSS 12.4.2 require service providers to do every three months?,306
"Who has to perform the 12.4.2 reviews, and can the same people check their own work?",306
Which tasks are covered by the quarterly review requirement in 12.4.2?,306
How do assessors verify compliance with 12.4.2 in a service provider assessment?,306
"Does requirement 12.4.2 apply to merchants, or only to service providers?",306
What must service providers document for their Requirement 12.4.2 reviews?,307
Which three items have to be included in the review records under 12.4.2.1?,307
How do assessors verify compliance with 12.4.2.1?,307
Who has to sign off on the 12.4.2 review results?,307
Does 12.4.2.1 apply to merchants or only to service providers?,307
What has to be documented and kept current for PCI DSS scope?,308
What needs to be included in the in-scope system inventory besides the component names?,308
How do you test that the in-scope inventory is complete and up to date?,308
What requirement number covers maintaining the PCI DSS system-component inventory?,308
Why does PCI DSS want an up-to-date list of all in-scope system components?,308
"How often do we have to revalidate PCI DSS scope, and when else is it required after changes?",309
What specific items has the scoping review for 12.5.2 got to cover?,309
Which payment flows and acceptance channels need to be identified in the scope check?,309
What does 12.5.2.a require the assessor to look at to confirm the review is being done on time?,309
How is compliance with 12.5.2.b tested—what evidence has to show the scoping confirmation included every required element?,309
"What does a service provider have to do to confirm PCI DSS scope, and how often?",311
When must scope be revalidated for a service provider after changes to the environment?,311
What do assessors need to check to prove the six-month scope reviews happened for 12.5.2.1?,311
What evidence is required to show the scope review covered everything in 12.5.2?,311
"Is 12.5.2.1 mandatory yet, or still a best practice until a later date?",311
"When a service provider has a major org change, what review has to be done for PCI DSS scope and control applicability?",312
Who needs to be told about the results of that review after a significant structure change?,312
What evidence should an assessor look at to confirm this review was performed and covered the required items?,312
Which assessments does requirement 12.5.3 apply to?,312
What does 12.5.3.a require auditors to check in policies and procedures?,312
What does Requirement 12.6 say about security awareness being an ongoing activity?,313
What formal awareness program must be in place under 12.6.1?,313
Who has to be covered by the security awareness program in 12.6.1?,313
What should the awareness program teach personnel about their responsibilities for cardholder data protection?,313
How is compliance with 12.6.1 tested?,313
How often must the security awareness program be reviewed under 12.6.2?,314
What changes trigger an update to the security awareness program?,314
How is compliance with requirement 12.6.2 checked during an assessment?,314
What evidence should be examined to verify the security awareness program meets 12.6.2?,314
"Is 12.6.2 mandatory now, or still a best practice until a certain date?",314
What does requirement 12.6.3 require for security awareness training frequency for personnel?,315
How often do employees have to acknowledge the information security policy and procedures under 12.6.3?,315
What evidence should an assessor review to check compliance with 12.6.3.a through 12.6.3.d?,315
Does the security awareness program under 12.6.3 have to use more than one communication method?,315
What should interviewers confirm with personnel to satisfy 12.6.3.c?,315
What has to be covered in security awareness training under 12.6.3.1?,316
Does the training need to include phishing and social engineering threats?,316
How do you verify compliance with requirement 12.6.3.1?,316
"Is 12.6.3.1 mandatory yet, or still a best practice until a certain date?",316
Are anti-phishing technical controls enough to satisfy 12.6.3.1?,316
What does requirement 12.6.3.2 say security awareness training has to cover?,317
How do you verify that 12.6.3.2 is met?,317
"According to 12.6.3.2, what training topic must be included about end-user technology use?",317
When does 12.6.3.2 stop being a best practice and become required?,317
What is the purpose of including acceptable-use points in regular awareness training?,317
What does requirement 12.7 say about screening people before they get access to the CDE?,318
Which requirement covers checking potential hires for insider-threat risk before they start?,318
How do you verify compliance with 12.7.1?,318
"Does 12.7.1 require screening to follow local laws, and when must it happen?",318
Is screening mandatory for roles like store cashiers who only see one card number at a time?,318
What has to be kept for every third-party service provider that handles account data or could affect its security?,319
How do I show that my process for tracking third-party service providers is defined and working?,319
What should the TPSP list include besides the provider name?,319
"Which requirement covers maintaining an inventory of third-party service providers, and what is it trying to achieve?",319
Does using a PCI DSS-compliant service provider make my organization PCI DSS compliant too?,319
What written agreements do I need to keep with third-party service providers under 12.8.2?,320
"Does 12.8.2 require an acknowledgment from each TPSP about protecting data they store, process, transmit, or could affect?",320
"Which TPSPs have to be covered by the written agreement requirement—only those handling account data, or any provider that could impact the CDE?",320
How do you test compliance with 12.8.2 a and b?,320
What records are needed for the customized approach objective under 12.8.2?,320
What process has to be in place before using a third-party service provider?,322
Does requirement 12.8.3 call for due diligence before a TPSP is engaged?,322
How do you test 12.8.3 for TPSP onboarding controls?,322
What evidence and interviews are used to confirm the TPSP engagement process?,322
What must policies and procedures define for engaging TPSPs?,322
What does requirement 12.8.4 require for monitoring third-party service providers’ PCI DSS compliance status?,323
How often must TPSP PCI DSS compliance status be checked under 12.8.4?,323
What do assessors need to review to test 12.8.4 compliance?,323
"Does the monitoring process have to cover each TPSP individually, or can it be general?",323
What is the objective of the customized approach for 12.8.4?,323
What does 12.8.5 require an entity to keep track of for each third-party service provider?,325
How do you test compliance with 12.8.5.a?,325
What do auditors need to check under 12.8.5.b?,325
"Does 12.8.5 cover requirements owned by the entity, the TPSP, and shared ones?",325
What kind of record is suggested for showing who is responsible for each PCI DSS requirement?,325
What has a third-party service provider (TPSP) got to spell out in customer agreements about account data security?,327
"For service provider assessments, what do we have to look at to confirm the TPSP gives customers the right written acknowledgment?",327
"Who is 12.9.1 aimed at, and what extra obligation does it put on them?",327
"What should TPSP policies, procedures, and agreement templates include for customer onboarding?",327
What security responsibility does the TPSP need to formally acknowledge to its customers?,327
What must a TPSP give customers when they ask for PCI DSS compliance information?,329
"For 12.8.5, what details about responsibilities has to be shared for each service?",329
"Does 12.9.2 apply to all entities, or only to service providers?",329
What should assessors check to confirm the TPSP has a process for customer information requests under 12.8.4 and 12.8.5?,329
"If a TPSP has an AOC, is it expected to provide it to customers on request?",329
What has to be in place for suspected or confirmed security incidents that could affect the CDE?,331
"Which roles, contacts, and notification steps must the incident response plan cover at a minimum?",331
"What incident response items are required for 12.10.1, such as containment, recovery, backups, and legal reporting?",331
How do you verify compliance with 12.10.1.a and 12.10.1.b?,331
Does the incident response plan need to include payment brand incident response procedures and coverage of all critical system components?,331
How often does the incident response plan have to be reviewed and updated?,332
What has to be included when the incident response plan is tested?,332
How do you verify the incident response plan was tested and kept current?,332
What is required under PCI DSS 12.10.2 for incident response plan maintenance?,332
Does the incident response plan need to be tested with all elements from 12.10.1 every year?,332
What does 12.10.3 require about who’s on call for security incidents?,333
How do you check that the incident-response coverage is really 24/7 under 12.10.3?,333
Which people have to be designated to respond to suspected or confirmed security incidents?,333
What evidence and interviews are used to verify compliance with requirement 12.10.3?,333
"Do we need named personnel available at all times for incident response, or is general coverage enough?",333
"Who on the incident response team has to be trained, and how often?",334
What proof does an assessor need to see that incident response staff are trained properly?,334
How is the training frequency for incident response personnel determined under Requirement 12.10.4.1?,334
What does Requirement 12.10.4 say about training people who handle suspected or confirmed incidents?,334
What has to be included in the targeted risk analysis for incident response training under 12.10.4.1?,334
What has to be covered in the incident response plan for monitoring alerts from security tools under 12.10.5?,335
"Which alert sources does 12.10.5 say must be included, like IDS/IPS, network controls, file change detection, and rogue wireless APs?",335
How do assessors verify compliance with 12.10.5?,335
"Is alert handling for payment-page tamper detection mandatory yet, or only a best practice until 31 March 2025?",335
What does Requirement 12.10.5 expect the response to monitoring and detection alerts to look like?,335
What does requirement 12.10.6 say to do with the incident response plan after lessons learned or industry changes?,336
How do you test compliance with 12.10.6?,336
What should the review process for the security incident response plan be able to show for 12.10.6.a?,336
What do you need to confirm in interviews and plan review for 12.10.6.b?,336
What is the objective for the customized approach under 12.10.6?,336
What must incident response procedures cover when stored PAN is found where it shouldn’t be?,337
How do you verify 12.10.7 is in place and ready to use?,337
What should the team do if PAN is discovered outside the CDE?,337
What evidence is checked to confirm the response process was actually followed after finding unexpected PAN?,337
Which PCI DSS requirement says the organization has to have an incident response process for stored PAN in an unexpected location?,337
What logical separation has to be in place for a multi-tenant service provider under A1.1.1?,340
How do you test that the provider and customers are kept separate in A1.1.1?,340
Can the provider access a customer environment without authorization under A1.1.1?,340
Can customers reach the provider’s environment without authorization under A1.1.1?,340
"Is A1.1.1 mandatory yet, or still a best practice until 31 March 2025?",340
What does A1.1.2 require for customer access to cardholder data and the CDE in a multi-tenant setup?,341
How is A1.1.2 verified during an assessment?,341
What does A1.1.3 require about the resources each customer can access?,341
How do you test compliance with A1.1.3?,341
"Under A1, how do controls stop one customer from reaching another customer’s environment or data?",341
How often do we need to prove customer environment separation still works?,342
What kind of test is required for the logical separation controls in A1.1.4?,342
How do assessors verify compliance with A1.1.4?,342
What does A1.1.4 say about testing customer-to-customer isolation in a multi-tenant service provider setup?,342
"Is the separation-testing requirement in A1.1.4 mandatory yet, or still a best practice until a certain date?",342
What audit log features have to be turned on for each customer environment under A1.2.1?,343
"For A1.2.1, who is allowed to review a customer’s logs?",343
How does the provider have to tell customers where their logs are stored?,343
What do I need to check to prove A1.2.1 is met?,343
What is the objective of the customized approach for A1.2?,343
What processes or tools are required to help with a fast forensic investigation after a suspected or confirmed security incident for a customer?,344
How do you prove the provider can support a prompt forensic investigation of the related servers when an incident is suspected or confirmed?,344
What does requirement A1.2.2 require the provider to have in place for customer incidents?,344
"When auditors review A1.2.2, what documented evidence should they inspect?",344
What is the objective behind A1.2.2 for customers facing a suspected or confirmed security incident?,344
What process do we need so customers can securely report suspected security incidents or vulnerabilities?,345
How must suspected or confirmed incidents and vulnerabilities be handled after they’re reported?,345
What should auditors review to confirm A1.2.3 is in place?,345
Which PCI DSS requirement does A1.2.3 point to for remediation timing and handling?,345
"Is A1.2.3 mandatory now, or only a best practice until a certain date?",345
What has to be confirmed for POS POI terminals that still use SSL or early TLS?,347
How do you prove those terminals aren’t vulnerable to known SSL/TLS exploits?,347
Is A2.1.1 allowed to use the customized approach?,347
"Who is A2.1 meant to apply to, and who is it not meant for?",347
"If new SSL/TLS exploits appear, what needs to happen to the POS POI terminals?",347
What has a service provider with SSL or early TLS connection points to POS POI terminals got to have documented?,348
What details need to be included in the Risk Mitigation and Migration Plan for A2.1.2?,348
How do you verify compliance with A2.1.2 during a service provider assessment?,348
"Does A2.1.2 apply to merchants, or only to service providers?",348
Can A2.1.2 be met using the customized approach?,348
What does a service provider have to offer for A2.1.3?,349
How do you verify compliance with A2.1.3 during a service provider assessment?,349
"Does A2.1.3 apply to merchants, or only to service providers?",349
What secure option must the provider’s service include under A2.1.3?,349
Is A2.1.3 allowed under the customized approach?,349
What does A3.1 require for a PCI DSS compliance program?,352
Who has to be assigned responsibility for protecting account data and running PCI DSS compliance under A3.1.1?,352
What has to be included in the PCI DSS compliance program charter for A3.1.1?,352
How often do executive management and the board need updates on PCI DSS compliance issues and remediation?,352
How do assessors verify A3.1.1 compliance?,352
What has to be included in a formal PCI DSS compliance program under A3.1.2?,353
How do you verify A3.1.2 during an assessment?,353
Does A3.1.2 allow the customized approach?,353
What kind of process is required for checking PCI DSS compliance on an ongoing basis?,353
Is there a required process for assessing PCI DSS impact when making major business decisions under A3.1.2?,353
What PCI DSS compliance duties have to be formally assigned under A3.1.3?,354
Who needs to own PCI DSS compliance roles and responsibilities for A3.1.3?,354
How do you check that the people assigned to PCI DSS compliance responsibilities actually know and do their jobs?,354
Which requirement covers formally defining PCI DSS compliance roles and responsibilities?,354
Is A3.1.3 allowed to use the customized approach?,354
"What training has to be given to people who handle PCI DSS compliance work, and how often?",355
How do you prove that compliance staff get current PCI DSS or security training every year?,355
"Under A3.1.4, who is required to receive training?",355
What evidence should an assessor look at to check annual training for PCI DSS responsibility roles?,355
Is A3.1.4 allowed under the customized approach?,355
How often has PCI DSS scope got to be reviewed and rechecked for accuracy?,356
What has to be included when validating scope for A3.2.1?,356
What should be done if card data is found outside the defined CDE?,356
How does an assessor verify the scope review cadence under A3.2.1.a?,356
What evidence is needed to show the quarterly scope review covered all required items under A3.2.1.b?,356
"What has to be checked for every change to systems or networks, including new systems and new network links, under A3.2.2?",358
Which process steps are required when assessing whether a system or network change affects PCI DSS scope?,358
"Who has to approve the results of the impact assessment for a change, according to A3.2.2?",358
How is compliance with A3.2.2 tested during an assessment?,358
Is A3.2.2 allowed to use the customized approach?,358
What has to be checked after a system or network change is finished?,359
How do you test that PCI DSS controls were carried through in a change?,359
"Does every change require documentation to be updated, and when?",359
What does A3.2.2.1 require for new or modified systems and networks?,359
"For the A3.2.2.1 review, what evidence should be examined and who should be interviewed?",359
What does A3.2.3 require after an org chart or management change?,360
How do you verify compliance with A3.2.3?,360
Does A3.2.3 allow the customized approach?,360
What kind of review has to happen when the company structure changes?,360
Which PCI DSS requirement does A3.2.3 point back to?,360
What has to be done to confirm PCI DSS scope when segmentation is in place under A3.2.4?,361
"How often does segmentation testing need to happen, and when else is it required after changes?",361
What must the penetration test for segmentation cover and prove about the CDE?,361
Which PCI DSS requirement defines the methodology used for confirming scope with segmentation?,361
"What do assessors need to look at to verify compliance with A3.2.4, and is customized approach allowed?",361
What data-discovery process has to be in place for cleartext PAN?,362
"How often do we need to search for all cleartext PAN locations, and when else must it be done?",362
"Does the search have to include systems outside the current CDE, or only within it?",362
How do you prove A3.2.5 is met during an assessment?,362
What evidence should an assessor review for requirement A3.2.5?,362
What has to be tested in the data-discovery process for A3.2.5.1?,363
How do we show the data-discovery methods can find cleartext PAN across all system types and file formats?,363
How often must the effectiveness of data-discovery methods be confirmed under A3.2.5.1?,363
What should the auditor review or ask for to verify A3.2.5.1 is being met?,363
Is A3.2.5.1 allowed to use the customized approach?,363
What do we have to do when cleartext PAN is found outside the CDE?,364
What steps need to be covered in the response procedure for cleartext PAN outside the CDE?,364
How do we verify A3.2.5.2 is met?,364
What should the review of response procedures confirm under A3.2.5.2.a?,364
What do interviews and records need to show for A3.2.5.2.b?,364
What controls are required to stop cleartext PAN from leaving the CDE through an unauthorized path?,365
"What kinds of leaks should the monitoring cover, like email, removable media, or printers?",365
How do you prove the PAN-blocking mechanisms are actually working and properly configured?,365
What evidence has to be reviewed to test requirement A3.2.6?,365
"Do the controls need to be running live, create logs, and generate alerts when they catch a leak?",365
What response steps are required when cleartext PAN is detected leaving the CDE through an unauthorized route?,366
What should the alert investigation process include for A3.2.6.1?,366
What remediation actions have to be part of the procedure to avoid data loss from cleartext PAN leaks?,366
How do assessors verify A3.2.6.1 under the defined approach?,366
Is A3.2.6.1 allowed under the customized approach?,366
What kinds of critical security control failures must be detected and alerted on right away under A3.3.1?,367
How do assessors verify that prompt failure-detection and alerting processes are in place for critical security controls?,367
Which specific controls are named in A3.3.1 as examples of critical security controls that must have failure handling?,367
What does A3.3 say about PCI DSS being part of day-to-day business activities?,367
Is A3.3.1 allowed to use the customized approach?,367
What has to happen when a critical security control fails?,368
"For A3.3.1.1, what steps must the response process include?",368
How do you test compliance with the prompt-response requirement for security control failures?,368
What evidence has to show up in the records for a security control failure under A3.3.1.1.b?,368
Is A3.3.1.1 allowed under the customized approach?,368
How often do hardware and software technologies need to be reviewed under A3.3.2?,369
What does A3.3.2 require an organization to confirm during those technology reviews?,369
How do assessors verify compliance with A3.3.2?,369
"If a technology no longer meets PCI DSS, what must be in place according to A3.3.2?",369
Is A3.3.2 allowed under the customized approach?,369
"What does A3.3.3 require for checking BAU activities, and how often must it happen?",370
Who has to perform the A3.3.3 reviews?,370
What specific items must be confirmed during the A3.3.3 review?,370
"What evidence and records have to be kept for A3.3.3, and for how long?",370
How is A3.3.3 tested during an assessment?,370
How often must user accounts and access rights for in-scope systems be reviewed under A3.4.1?,371
What has to be confirmed during the six-month access review for A3.4.1?,371
Which requirement says logical access to the cardholder data environment must be controlled and managed?,371
What evidence do assessors look for to verify A3.4.1 access reviews?,371
Is A3.4.1 allowed under the customized approach?,371
What does A3.5.1 require for spotting attack patterns and suspicious behavior across systems?,372
How quickly do anomalies or suspicious activity have to be identified under A3.5.1?,372
"Who has to get alerted when suspicious activity is detected, and what should they do next?",372
What do you need to examine and ask personnel to prove A3.5.1 is in place?,372
Is A3.5.1 allowed under the customized approach?,372
